Datetime,Water Level (m)
2025-06-17 00:00:00,0.0002054953
2025-06-17 01:00:00,0.00023065305
2025-06-17 02:00:00,0.00026035958
2025-06-17 03:00:00,0.0003348804
2025-06-17 04:00:00,0.00035489042
2025-06-17 05:00:00,0.00048625752
2025-06-17 06:00:00,0.0004501501
2025-06-17 07:00:00,0.00047139678
2025-06-17 08:00:00,0.0006550761
2025-06-17 09:00:00,0.0007268228
2025-06-17 10:00:00,0.0006943546
2025-06-17 11:00:00,0.0005843323
2025-06-17 12:00:00,0.00035713226
2025-06-17 13:00:00,0.0002507244
2025-06-17 14:00:00,0.00023825935
2025-06-17 15:00:00,0.00022038782
2025-06-17 16:00:00,0.00020638788
2025-06-17 17:00:00,0.00022004948
2025-06-17 18:00:00,9.675695e-05
2025-06-17 19:00:00,7.70045e-05
2025-06-17 20:00:00,9.302756e-05
2025-06-17 21:00:00,7.936694e-05
2025-06-17 22:00:00,0.000104763516
2025-06-17 23:00:00,0.00016911472
2025-06-18 00:00:00,0.00016679619
2025-06-18 01:00:00,0.00024668575
2025-06-18 02:00:00,0.0003197648
2025-06-18 03:00:00,0.0003678132
2025-06-18 04:00:00,0.000343862
2025-06-18 05:00:00,0.00044158392
2025-06-18 06:00:00,0.00033877234
2025-06-18 07:00:00,0.00047032774
2025-06-18 08:00:00,0.00033709223
2025-06-18 09:00:00,0.0004754094
2025-06-18 10:00:00,0.00052818767
2025-06-18 11:00:00,0.0004747751
2025-06-18 12:00:00,0.0003921348
2025-06-18 13:00:00,0.0003937715
2025-06-18 14:00:00,0.00047318437
2025-06-18 15:00:00,0.0004690632
2025-06-18 16:00:00,0.00047394025
2025-06-18 17:00:00,0.0005550279
2025-06-18 18:00:00,0.000564256
2025-06-18 19:00:00,0.0005772877
2025-06-18 20:00:00,0.00062416674
2025-06-18 21:00:00,0.0006426406
2025-06-18 22:00:00,0.0004727299
2025-06-18 23:00:00,0.00040922058
2025-06-19 00:00:00,0.00042464008
2025-06-19 01:00:00,0.00061450305
2025-06-19 02:00:00,0.0005999386
2025-06-19 03:00:00,0.0006551773
2025-06-19 04:00:00,0.0009878171
2025-06-19 05:00:00,0.0005432122
2025-06-19 06:00:00,0.0003401093
2025-06-19 07:00:00,0.00033443168
2025-06-19 08:00:00,0.00029393306
2025-06-19 09:00:00,0.0003203987
2025-06-19 10:00:00,0.0003657961
2025-06-19 11:00:00,0.00033165893
2025-06-19 12:00:00,0.00023857434
2025-06-19 13:00:00,0.00015066785
2025-06-19 14:00:00,0.00013085996
2025-06-19 15:00:00,0.00011683158
2025-06-19 16:00:00,0.00011294668
2025-06-19 17:00:00,0.00018438493
2025-06-19 18:00:00,0.00013193653
2025-06-19 19:00:00,6.3082945e-05
2025-06-19 20:00:00,5.1842435e-05
2025-06-19 21:00:00,7.787726e-05
2025-06-19 22:00:00,7.190548e-05
2025-06-19 23:00:00,5.652515e-05
2025-06-20 00:00:00,6.695567e-05
2025-06-20 01:00:00,0.00017549036
2025-06-20 02:00:00,0.0003227294
2025-06-20 03:00:00,0.00042262697
2025-06-20 04:00:00,0.00046897805
2025-06-20 05:00:00,0.0003679609
2025-06-20 06:00:00,0.0002649062
2025-06-20 07:00:00,0.00028053977
2025-06-20 08:00:00,0.00035574412
2025-06-20 09:00:00,0.00037649146
2025-06-20 10:00:00,0.00033740507
2025-06-20 11:00:00,0.00033986504
2025-06-20 12:00:00,0.00030484647
2025-06-20 13:00:00,0.00020565027
2025-06-20 14:00:00,0.00013824059
2025-06-20 15:00:00,0.000104524835
2025-06-20 16:00:00,8.9591886e-05
2025-06-20 17:00:00,0.00011231377
2025-06-20 18:00:00,0.00013735988
2025-06-20 19:00:00,0.0001595617
2025-06-20 20:00:00,0.00010780491
2025-06-20 21:00:00,4.9039445e-05
2025-06-20 22:00:00,4.4303095e-05
2025-06-20 23:00:00,3.471059e-05
2025-06-21 00:00:00,3.4982593e-05
2025-06-21 01:00:00,6.3823965e-05
2025-06-21 02:00:00,0.00010399501
2025-06-21 03:00:00,0.00010716036
2025-06-21 04:00:00,0.000114595496
2025-06-21 05:00:00,0.000120994024
2025-06-21 06:00:00,0.000114362985
2025-06-21 07:00:00,0.00013835977
2025-06-21 08:00:00,0.00019139155
2025-06-21 09:00:00,0.00024117286
2025-06-21 10:00:00,0.00022018165
2025-06-21 11:00:00,0.00020214057
2025-06-21 12:00:00,0.00016092819
2025-06-21 13:00:00,0.00010030495
2025-06-21 14:00:00,8.742869e-05
2025-06-21 15:00:00,7.6661265e-05
2025-06-21 16:00:00,7.2267845e-05
2025-06-21 17:00:00,6.269271e-05
2025-06-21 18:00:00,6.6734894e-05
2025-06-21 19:00:00,4.7536887e-05
2025-06-21 20:00:00,1.8896993e-05
2025-06-21 21:00:00,2.2026064e-05
2025-06-21 22:00:00,-6.851106e-06
2025-06-21 23:00:00,-1.9544246e-05
2025-06-22 00:00:00,-3.956137e-05
2025-06-22 01:00:00,1.7014955e-06
2025-06-22 02:00:00,3.844252e-05
2025-06-22 03:00:00,6.467068e-05
2025-06-22 04:00:00,8.463823e-05
2025-06-22 05:00:00,0.00010036205
2025-06-22 06:00:00,0.000111313086
2025-06-22 07:00:00,0.00012635105
2025-06-22 08:00:00,0.000117450356
2025-06-22 09:00:00,6.865033e-05
2025-06-22 10:00:00,5.6414698e-05
2025-06-22 11:00:00,5.6810884e-05
2025-06-22 12:00:00,3.8707203e-05
2025-06-22 13:00:00,5.0667488e-05
2025-06-22 14:00:00,4.198459e-05
2025-06-22 15:00:00,4.16892e-05
2025-06-22 16:00:00,5.911596e-05
2025-06-22 17:00:00,6.55295e-05
2025-06-22 18:00:00,5.7173027e-05
2025-06-22 19:00:00,5.708003e-05
2025-06-22 20:00:00,2.9348561e-05
2025-06-22 21:00:00,1.2276789e-05
2025-06-22 22:00:00,8.958844e-06
2025-06-22 23:00:00,3.5789622e-06
2025-06-23 00:00:00,-1.1689865e-05
